#derinet id	#lemma	#is true root [y/n]
184416	velkochov	n
169743	rokaj	y
185293	videozáznam	n
124495	bekasina	y
140324	gymel	y
132352	double	y
185802	vnitrospolečenský	n
132885	dvaadvacítka	n
140454	hakenkrajc	n
169561	rhinotracheitida	y
164794	promoce	n
128852	cintal	y
141980	hrůzychtivý	n
189239	zasnoubenka	n
165119	protidomec	n
135072	dvouušák	n
149754	lipid	y
179716	tetlucha	y
186937	vysokorostoucí	n
161023	perónizmus	n
150601	makaron	y
163204	polyarthritis	y
170427	rychlokvíz	n
140730	havlíčkolog	n
137542	faliský	n
189479	zaživa	n
177579	stuchlý	n
135884	elaidinizovat	n
167683	předsokratický	n
121643	allit	y
186175	votipera	y
168703	ragby	y
120819	acylpyrin	y
133445	dvanáctiprvkový	n
128062	cestováníchtivý	n
147523	kořenokvětka	n
189047	zamounit	n
126439	brada	y
177039	stopadesátihodinový	n
188542	wiatowský	n
188744	zachlebit	n
127229	béžovorůžový	n
137915	feuilleton	y
124691	bezdřevý	n
185600	vladařstvo	n
169786	romaneskní	n
162052	podkarpatoruský	n
177603	stupíneček	n
136171	emfatický	n
188138	větérka	n
200826	širokosecí	n
155354	navykat	n
127101	buďonovský	n
184920	večírkůchtivý	n
159460	padesátičtyřtisícový	n
178165	sukovník	n
145109	kantarida	y
166446	put	y
200607	šestivodičový	n
140098	gramopřístroj	n
140258	guaracha	y
148638	kyt	y
171736	sebekonkrétnější	n
190451	zkrotka	n
171619	sebeenergičtěji	n
190376	zjílovět	n
129725	cytozin	y
181859	typofoto	n
158180	originál	y
173768	semestr	y
174806	skřivanovitý	n
153950	morálněprávní	n
136404	eonotem	y
135730	ekodemonstrant	n
167926	přerozkošný	n
141031	hesonit	y
151372	mašinizmus	n
132488	drbka	n
178409	svatokřížský	n
194360	čapkování	n
125873	blbovzdorný	n
157260	oběd	y
189827	zelenokadeřavý	n
168762	ramenář	n
143672	jeansový	n
194569	černooce	n
178473	svlékárna	n
155899	neyberovský	n
133332	dvacetišestka	n
129400	cyklolet	n
138016	filibustýr	y
134673	dvouobročník	n
168639	radiomagnetofón	n
121158	agorot	y
154143	mrskat	y
187465	vícepolotónový	n
134732	dvoupolarita	n
165464	protipopravčí	n
135544	džemíček	n
161901	plťař	n
132796	durativum	y
130809	devítibitový	n
151979	mezidružicový	n
171736	sebekonkrétnější	n
50	-ex-	y
141370	hnusoba	n
169542	reálpolitika	n
154693	mízovod	n
131314	dicyklopentadien	y
133472	dvanáctisloupcový	n
194373	čarokvět	n
160092	parochiální	n
165342	protimakariovský	n
163646	porota	y
121972	amygdali	y
139113	fusing	y
152540	mimohrudní	n
185368	vikýřník	n
150303	lák	y
184259	veleobr	n
164668	proforistika	n
142315	hydroxymáselný	n
165381	protinacistický	n
153281	mlýneček	n
176869	stohodinový	n
143169	intergenerační	n
125344	biooběd	n
132448	drakónský	n
131007	devětadvacetiminutový	n
176748	stodevadesátikilogramový	n
144858	kalamajka	y
127800	celolaminátový	n
154489	myeloskleróza	n
129259	cykloaktivista	n
201135	šmír	y
132555	drobnochov	n
141038	heterochromozom	y
166873	pětapadesátitunový	n
186398	vrzat	y
173907	serin	y
136922	europrimárky	n
178086	subzygomatický	y
145531	katalepsie	y
190261	zhránit	n
138357	foggara	y
178541	svědět	y
181448	tropie	y
140004	gonopodium	n
140620	harašit	y
151380	mažoreťák	n
130943	devítiskalní	n
126964	bumper	y
138935	frikce	y
169274	repetitor	n
148716	kór	y
165562	protisládkovský	n
161203	pidlikat	y
122848	argon	y
166069	průmyslovězemědělský	n
202659	žaloudek	y
167533	předledový	n
130482	desetislabikový	n
151862	methylmetakrylát	y
164668	proforistika	n
200470	šestiproudový	n
147710	kreslit	y
156101	ničit	y
138096	finálovka	n
172874	sebezakonzervování	n
174811	skříteček	n
194431	čechoamerický	n
167497	předhlašovat	n
172289	sebeproducírování	n
162198	podravka	n
201799	šéfkomisař	n
168489	půlslovní	n
155373	nazogastrický	n
189746	zdvojnásobnit	n
182586	třílodní	n
178608	swedenborgián	y
151776	metalotéka	n
122790	arciromán	y
168650	radiopotřeba	n
186292	vraždírna	n
188260	všelidský	n
141953	hrubozrnný	n
202833	ženní	n
191689	zrovínka	y
162317	poet	y
172474	sebesametovější	n
184119	vegetárna	n
184486	velkokupec	n
135119	dvouvěží	n
169655	riyal	y
136046	elektrorozvod	n
165706	protičečenský	n
145700	kdekoliv	n
121536	alfačástice	n
201615	štůčka	n
151183	maskulinum	y
173848	senzitiv	y
169305	reprosoustava	n
127365	běloploutvý	n
142332	hygroreceptor	n
158147	organizer	y
192986	útlý	y
121554	aliance	y
173480	sedmipólový	n
159574	palcovka	n
123295	audioprolínání	n
120837	adapťák	n
176948	stometrovka	n
183618	utěrák	n
175099	smuha	y
160503	pedig	y
179372	telluričitý	n
145256	karantánský	n
180250	toner	y
130151	demarše	n
147655	kraťoulinko	n
151368	mařič	n
170698	rétorika	y
128275	chinuklidinol	n
149797	listonoš	n
188127	větroprašný	n
148398	kvadruplégie	n
136802	etymoložka	n
178481	svobodumilovný	n
156917	několikapísmenný	n
178178	sulfatovaný	n
161774	plodotvorný	n
152543	mimohutní	n
141094	hexachloretan	n
200330	šestidutinkový	n
167516	předkolizní	n
178933	tachografický	n
178556	světlemodrý	n
144040	jednohodinovka	n
181148	trojměsíční	n
200450	šestiočka	n
148664	káchnout	y
187632	vítr	y
131722	diskosoul	n
191157	známit	y
183470	uretrocystitída	n
156242	nosorožec	n
177268	stotřicítka	n
171248	santraginský	n
178767	syžet	y
185938	vodoznak	n
164773	prolog	y
181457	troposféra	n
173339	sedmdesátka	n
149486	levity	y
189273	zastydat	n
181759	tuto	y
150037	louhoměr	n
132969	dvaasedmdesátistránkový	n
157009	obchodnězábavní	n
165629	protitrustový	n
147762	kriteriální	n
178777	sádrárna	y
142735	impakt	y
150496	magnetodynamický	n
129705	cytochromoxidasa	y
181293	trojspona	n
174866	slavoják	n
195615	čtyřiašedesátka	n
196188	čviřinkat	y
201663	šupna	y
184607	velkoskvrnný	n
121502	alegro	y
201534	štustupovat	y
127877	celosvařovaný	n
192120	záhvězdný	n
121698	alpestris	y
156775	nízkoimpedanční	n
127804	celolněný	n
176017	sporangie	y
147297	kosmetologie	y
137087	exemplifikace	y
183859	valentýn	y
137518	fakule	y
120957	adstringencium	y
140335	gynekomastie	y
155949	nigrum	y
177730	středněvlnný	n
152262	mezofyl	y
185968	vofikat	y
162289	podzástava	n
156138	nohsledství	n
190262	zhrůznět	n
124411	bačkorář	n
190176	zfrancouzštělý	n
175112	smysluchtivý	n
139562	gemmifera	y
130025	definovat	y
178157	sukcesní	n
200161	šelminec	y
196070	čtyřtuna	n
121549	algonkium	y
167988	přestýlat	n
173151	sedmadvacetimedailový	n
133826	dvojmetrový	n
170359	rušit	y
158122	ordovik	y
124873	bilharzióza	y
137319	exreprezentační	n
145438	kartogram	y
201723	švestkobraní	n
179937	tidžáníja	n
168480	půlprocento	n
170837	sagavír	y
186237	vplátce	y
176380	staropomorec	n
135916	elektrický	n
194623	černotmavý	n
138773	fotovoltaicky	n
186167	voslnit	n
160655	penny	y
153992	motokros	n
183372	unterholt	y
184343	velezkušený	n
173913	sermonář	y
201626	šukat	y
147341	kostna	y
173729	sekvoj	y
121762	amalgovat	y
182189	třicetina	n
192560	zřídelnictví	n
123901	bacilonosič	n
134858	dvousetfilmový	n
140348	gyrátor	y
176963	stomístný	n
151888	metodologie	y
129439	cykloodpočivadlo	n
161803	ploužáček	n
201727	švestkáč	n
158353	osmadvacetitisícový	n
128283	chipsuchtivý	n
156685	nárt	y
188503	weercéčko	n
201964	ťupat	y
162698	polokmen	n
161330	pindík	y
187595	víno	y
160443	paš	y
164296	pralinkárna	n
171119	samotřídit	n
135372	díťátko	n
194858	českolatinský	n
128842	cingilum	y
182606	třímetrák	n
174236	sice	y
141632	honočoroko	n
183643	uzapomnění	n
147665	kreacionista	n
171134	samovratný	n
146668	kompas	y
181556	trypanozóma	y
188487	watthodinový	n
160059	parhelický	n
148204	kulturněhospodářský	n
144663	jurodivý	n
190182	zgottovatět	n
173386	sedmidílný	n
124563	benzinuchtivý	n
201	-zo-	y
164154	počesku	n
165911	prustka	y
182581	třílirový	n
183298	uměníchtivý	n
146166	klošárd	y
151134	martyrium	y
166213	psychotechnika	n
173995	sever	y
159287	ošupení	n
156969	několikeronásobný	n
142782	impunitivita	y
125798	bjelokrinik	n
184905	vezdejšek	n
157407	odkrojek	n
165103	protichřipkový	n
141066	heteropolární	n
191891	zvalbený	n
190002	zeskelnět	n
185542	viviparie	n
122615	apport	y
131896	dlanička	n
136534	ereso	y
194722	červenokorý	n
133985	dvojpól	n
190773	zmatovatět	n
176771	stodevítka	n
129503	cyklopřejezd	n
141442	hnůj	y
178804	sázítko	n
155243	narozeníčko	n
182155	třicetihlavý	n
201524	štuk	y
157983	opletačky	n
187313	vápeničit	n
176214	stackovat	y
185153	videopohádka	n
190787	zmetat	y
175795	spolukomentovat	n
191992	zvíře	y
162303	podýmné	n
159794	pantografický	n
173425	sedmikvítek	n
149042	landpartie	n
141792	houkat	y
165185	protihavlovský	n
171542	sebecivilizovanější	n
152497	mimobankrotový	n
127262	bílokostelský	n
141764	hospodářskosprávní	n
131225	diamonný	n
184588	velkorozdělovna	n
174168	sfinkter	y
190983	znevrlet	n
138991	frézie	y
144482	jihoosetinský	n
191463	zpozdné	n
155999	nitril	y
125360	biopalác	n
153008	minisen	n
190925	zneaktivnit	n
166937	pětatřicetimilimetrový	n
121949	amplifikovat	n
190509	zlakotnit	n
184683	veloduše	n
202711	žbrdlení	n
177694	stěhovanec	n
166226	psychoza	y
164080	povojnový	n
147928	kryoturbace	n
185331	vigavanský	n
138170	flamendr	y
149210	leasovat	y
183624	uvoněný	n
159098	otylý	n
158593	osmiapůlkilový	n
131267	diazolátka	n
175133	směnečený	n
171141	samovyrobit	n
150157	lunicovitý	n
159369	padesátihlavý	n
179780	tetčí	n
182962	ubikvist	n
183447	urbariálný	n
134550	dvoukoruna	n
201246	špekulírovat	n
136993	eventuelní	n
122960	arteritis	y
168978	reduta	y
128506	chorioretinitida	y
195428	čtyřiadvaceticentimetrový	n
161863	plytký	n
149670	likvační	n
135027	dvoutisícikoňový	n
124165	bankokarta	n
151562	megavoltampér	n
166941	pětatřicetina	n
145323	kardašovořečický	n
150595	majír	y
172956	sebezkoumání	n
147369	kotník	y
164322	prasný	n
126123	bohosloví	n
125557	biosurovina	n
180414	trackování	n
163816	postkatastrofický	n
152481	mimetezit	n
175584	spavice	y
139641	geokarpie	y
174969	slovensku	n
125329	bionábytek	n
165010	protekcionalistický	n
157859	omnibus	n
182186	třicetiminutový	n
169258	reparátor	y
145394	karnaubový	n
175185	sněhomilný	n
160527	pedopsychiatrie	n
125522	biosláma	n
195932	čtyřprocesor	n
129053	container	y
125028	bioementál	n
151685	menševik	y
166409	pupiparie	y
172214	sebepomlouvačný	n
181006	trojdělení	n
123188	atelektáza	y
124724	bezploutvý	n
165556	protislovenský	n
122462	antroposociologie	n
195042	čočekchtivý	n
201023	šlechetnomyslný	n
147065	konzerva	y
126580	britskoamerický	n
185550	vizeprostý	n
125091	biohistorik	n
154363	multizávislost	n
129343	cyklohexan	n
180048	tiyn	y
177237	stotřicetihlavý	n
178452	svinule	y
155718	nerka	y
140495	halmyrolýza	n
155593	neofolkař	n
148311	kurtizána	y
172032	sebeodcizený	n
127103	buňka	y
169409	retrodeviace	n
159747	panikulóza	y
180958	trojbarvý	n
156747	náčiníčko	n
144856	kalabasa	y
160140	parter	y
160336	patnáctizápasový	n
151505	megafon	y
138046	filomat	y
144998	kamenímilovný	n
163165	položertem	n
157033	obelstit	y
130879	devítiminutovka	n
138411	fonosyntetický	n
162635	polofantazijní	n
144269	jednovaječný	n
195058	čtivachtivý	n
185632	vlastimil	y
127586	canzonetta	y
183441	uraženec	y
191746	ztekutět	n
153706	monoadaptér	n
168981	reelní	n
127177	bájesloví	n
148665	kácéčko	y
190144	zešmírovatět	n
161437	piškoťák	n
128095	chalkidický	n
196196	čáranina	y
190190	zharmoničtět	n
181149	trojnohý	n
195204	čtvrtřádkový	n
147392	koukol	y
187756	výdělkuchtivý	n
203105	žlutozelenkavý	n
134081	dvojstisk	n
134971	dvousouboj	n
134511	dvoukariérní	n
164552	principát	y
136321	enečtina	y
168487	půlsezónový	n
186205	voál	y
126856	bufat	y
182989	uctnostnit	y
165274	protikolumbovský	n
173672	seizmický	n
137220	exotermický	n
176662	sterkorální	n
126666	bronchogenní	n
189540	zbortěný	n
146382	kokcidiomykóza	n
178304	suprasexdadaizmus	y
187028	vytírka	y
122663	arachnoentomologie	n
169769	rolna	y
144304	jednočaře	n
146123	klobásník	n
180087	tlouští	n
129841	dalmatika	y
196102	čtyřwattový	n
163735	posloupný	n
144159	jednopouzdrý	n
196673	řetěz	y
168680	radula	y
139945	glyptika	y
160940	pernod	y
154924	nadrsno	n
168490	půlslovo	n
153917	morfonologie	y
178317	suprovka	y
169320	reseler	y
123547	automuzeum	n
185513	vitalistní	n
125981	blower	y
131301	dichlorfenoxyoctový	n
144553	jmenovatel	y
185342	vika	y
141139	hierarchie	y
145681	kaštáneček	n
189307	zatepnout	n
170971	samodurský	n
97	-kvazi-	y
183197	ultramoderní	n
200360	šestikilový	n
191373	zplnoletnit	n
200049	šedesátišestiletý	n
139847	glivec	y
194611	černostavba	n
150485	magistratura	y
166	-som-	y
140139	gratias	y
153165	miscellanea	y
123650	autosyntagmatický	n
163182	polutant	y
186804	vypoučet	n
170357	rušba	y
127778	celohedvábný	n
125473	biorohlík	n
192012	zvěrosnubný	n
122292	antacidum	y
130484	desetislokový	n
200129	šedozlatý	n
124276	barvoměna	n
133666	dvojhmat	n
165461	protipoložka	n
183609	utrápenec	n
127002	burháníja	y
200213	šestadvacetiměsíční	n
125647	biovýpěstek	n
140243	gróf	y
147351	kostřec	y
121536	alfačástice	n
149693	lilorohý	n
201599	štěrchat	y
190795	zmezit	y
185176	videoprůmysl	n
165971	prvožadatel	n
160220	pastiš	y
166657	pétanque	y
152990	minirepro	n
169532	rezort	y
201778	šéfbachař	n
143791	jedenasedmdesátník	n
185807	vnitrozáběrový	n
174736	skrovňounce	n
169818	roomster	y
138167	flambovat	y
158902	osmnácticentimetrový	n
180205	tokenringový	n
192782	álej	y
173369	sedmibytový	n
121810	ambulakrální	n
137502	faksimilovat	y
129137	croncelský	n
151861	methylmerkaptan	y
141061	heteronomní	n
191208	zodpornět	n
184824	veršotep	n
136060	elektrostroj	n
143449	italista	n
153204	mizerie	y
126503	brav	y
154486	myelopatie	y
191677	zrománštit	n
170221	rudopruhý	n
169815	rondó	y
190333	zinčet	y
188049	vějadlo	y
130407	desetiletka	n
123100	aspekce	y
160847	perimetritis	y
131582	directmarketingový	n
149178	lavičník	y
162768	polomytický	n
189279	zastřehnout	n
125285	biomeloun	n
133432	dvanáctipalec	n
203152	žok	y
121548	algonkinský	n
183573	usápnout	n
160391	pavillon	y
155264	nasměřovat	n
196709	řibet	y
129033	commonwealthy	y
141255	hlavotis	y
201473	štont	y
161212	pietnost	y
187742	výchvěj	y
182335	třistametrový	n
163618	pornoscénář	n
187999	výžvyk	y
172104	sebeoslavující	n
163551	populace	y
173249	sedmačtyřicetimiliónový	n
149532	leštítko	n
157738	oktal	y
191562	zpěknět	n
167979	přestrašný	n
142121	hvozdíkotvarý	n
200050	šedesátišestinásobný	n
186957	vysokozdviž	n
200189	šerodávný	n
154838	nacionálbolševik	n
146961	kontinuum	y
190766	zmateriálnění	n
161827	plurál	y
155931	nicnedělat	n
165811	provazolezec	n
142702	image	y
155346	navolňovat	n
133164	dvacetilibrový	n
167520	předkonfigurace	n
154542	myropomazání	n
170626	rádobymoudře	n
126531	breatharianizmus	n
165404	protinázor	n
180997	trojdružstvo	n
177783	středoperuánský	n
168341	přístřih	n
200834	širokozáběrový	n
166574	pyžamopapučový	n
176024	sporogeneze	n
182534	tříknoflíkový	n
136952	euroústava	n
173117	sedativum	y
192931	úrazník	y
151481	medžlis	y
138212	flegmona	y
126042	bobina	y
123225	atomkecka	n
129659	cykloštafeta	n
170006	rozkoš	y
163642	pororoca	y
133	-oxy-	y
159927	paraformaldehyd	y
176637	stereosluchátko	n
142753	implantovat	n
134752	dvouproudý	n
179121	tarbuš	y
158124	ordrepapír	n
149312	lejch	y
170586	rádiusvektor	n
188736	zabírka	y
172816	sebeváženější	n
163514	popichovač	n
125652	biovčela	n
178035	subset	y
151387	mdlý	y
162363	pohárovka	n
142589	ichtyóza	y
175474	soukmenný	n
155608	neoimperiální	n
175903	spolusestra	n
141446	hobbymarket	n
172149	sebeparádnější	n
136081	elektrovýrobek	n
153595	modročervený	n
164411	predikovat	y
124023	baladíja	y
163937	postwarholovský	n
185054	videofirma	n
144008	jednodolarový	n
152463	milodějný	n
159313	pachtelství	n
195037	čoudit	y
131361	difenoxylat	y
128755	chřupan	y
201805	šéfmechanik	n
201650	šupení	y
195346	čtyřbox	n
192467	záznamné	n
133056	dvaačtyřicetistránkový	n
143773	jedenapůlstoletý	n
175411	soprán	y
120944	adrenogenitální	n
155860	neustálý	n
158053	optron	y
170449	rychloobvaz	n
138510	fosfoprotein	y
186075	voltairián	y
132448	drakónský	n
150717	malarie	y
136026	elektropneumatický	n
167268	pětisemestrový	n
146785	kondominantní	n
169864	rotarián	y
161178	pidimuž	n
177980	sublunární	n
132268	doproléčit	n
200640	šestnácteronásobek	n
177230	stotřicetdvojka	n
123178	atalanta	y
192053	záchovka	y
146271	kníkat	y
158824	osmiskladbový	n
121316	akr	y
154329	multiscannovat	n
141915	hromoklín	n
169018	refraktační	n
165173	protigangrenózní	n
160484	peckhamský	y
129878	darmojed	n
169605	rifle	y
201663	šupna	y
121471	alcabala	y
126019	bláznovina	n
135962	elektroizolace	n
201361	špýchar	y
127039	businesskarta	n
174424	siřičný	n
138662	fotomuzeum	n
168192	přisátý	n
181172	trojosý	n
166062	průlisek	y
182323	třináctka	n
136412	ependym	y
147991	krásnobřezenský	n
128590	chromoplast	n
191852	zudatnět	n
176392	starorolský	n
131781	dispašerský	n
182988	ucrkovat	y
134080	dvojstart	n
160508	pedion	y
173107	sebežíznivější	n
126314	borůvkoviště	n
201762	šál	y
146582	komandista	y
191203	zodborničtět	n
129592	cykloturistika	y
160432	paňátko	y
167010	pětašedesátiletý	n
153750	monogenizmus	y
122511	apatritida	y
169810	rondeau	y
127816	celoněmecký	n
199934	šarnýr	y
166344	pulpa	y
176756	stodevadesátina	n
177754	středofrekvenční	n
124150	bandérium	y
137002	evolucionář	y
194617	černostříbrošedý	n
149114	laryngála	y
147273	koráb	y
148095	kubo	y
136747	ethylvanilin	y
176642	stereotaxe	y
126	-neur-	y
154974	nadějeplný	n
188394	všezahalující	n
159908	paradentózní	n
132776	dunit	y
148400	kvajava	y
160177	parátní	n
153336	mnohasethektarový	n
163031	polotuze	n
148819	křtít	y
127461	cabanatuanský	n
188942	zaklestěný	n
155638	neomonarchistický	n
140864	helský	n
123226	atonie	y
181626	tufoviště	y
182639	tříoce	n
168760	ramdisk	y
126531	breatharianizmus	y
151714	merkaptopurin	y
159394	padesátimegatunový	n
129031	commedia	y
186186	vousina	y
157434	odmocnítko	n
132794	dural	y
184559	velkopomník	n
170064	rozpěrací	n
155535	nemakačenko	n
144516	jindřichohradecký	n
202689	žararaka	y
125658	biozastupitelstvo	n
185097	videokompatibilita	n
160128	parse	y
190391	zkatoličit	n
159284	oškvarek	y
161765	plochostropý	n
165871	proškráb	n
143628	jasan	y
157912	ontário	y
162103	podmoří	n
134648	dvouměstí	n
174325	silén	y
169285	report	y
179945	tilda	y
126562	bridž	y
125549	biostudie	n
172986	sebezoufaleji	n
183529	uschránit	y
145380	karlovarensium	y
185000	videc	y
134909	dvousetpadesátiny	n
151420	mediastinitis	y
155649	neopentylglykol	y
133463	dvanáctisetletý	n
156207	nori	y
202777	železitosirný	n
182205	třicetipětihektarový	n
169188	reminescence	y
171181	samoúnos	y
169079	reichsführer	y
171193	sampler	y
127482	cafnout	y
163507	popel	y
125835	blankoindosovat	n
158494	osmašedesátina	n
177415	strast	y
140652	harmonizér	y
185474	virtuós	y
151375	mašle	y
134414	dvoudisk	n
184830	veršíkář	y
120702	absurdum	y
161702	plicař	y
130835	devítihlas	n
174370	sinice	y
133830	dvojminutový	n
150095	luciferán	y
164996	prota	y
172718	sebeučenější	n
172068	sebeohraničovat	n
113	-midi-	y
159215	oxyfilní	n
140890	hemianopsie	y
159432	padesátipětitunový	n
153452	mnohovýznamný	n
179298	tektonomagmatický	n
201233	špaček	y
150291	lyáza	y
177611	stvol	y
143064	inlining	y
175146	snadný	y
158898	osmižilový	n
125151	biokaše	n
122248	annulus	y
151934	meyšlenský	n
141656	horkomilný	n
133767	dvojkotoučový	n
185516	vitaminosnost	n
156364	novokočbeřský	n
136348	enstatit	y
166375	punclák	y
181141	trojmoc	n
181476	troxertutin	n
173244	sedmatřicítka	n
161759	plocholistý	n
173089	sebešpatnější	n
139174	fytogenní	n
189619	zchroumat	y
191124	znovuzačlenit	n
177324	stočtyřicetina	n
169638	risorgimento	y
121454	albit	y
172074	sebeokázaleji	n
167010	pětašedesátiletý	n
139268	fórkař	y
156674	národněsocialistický	n
201606	štět	y
165760	protoplast	n
199889	šamot	y
165059	protiasimilační	n
130079	dekapitovat	n
189395	zavěrací	n
174119	sexsymbol	n
179870	tholeiit	y
188163	věště	y
127004	burianovka	n
142495	hýkat	y
201311	šprlata	n
172394	seberacionálněji	n
179870	tholeiit	y
157565	odňatý	n
185578	višnavi	y
159077	otlounkánek	y
128646	chrásteček	y
178277	supletorní	n
196756	říjenisko	n
192005	zvěduchtivý	n
134966	dvousmyslný	n
163829	postkontrarevoluční	n
175014	slyšet	y
150031	loubený	n
124962	biobůček	n
173856	senzuální	n
132364	doutnat	y
184008	vatovka	y
146405	kokpit	y
191134	znovuznárodnění	n
130100	dekor	y
150717	malarie	y
189817	zelenobíložlutý	n
158209	orodovník	y
191500	zprostopášnit	n
180396	trabl	y
172951	sebezkaženější	n
139853	globoidní	n
152866	minikopie	n
123752	avifauna	n
158528	osmdesátihodinový	n
127559	candát	y
131644	diskoefekt	n
139009	ftiza	y
135317	dásnička	n
132195	domnívat	y
196132	čubinka	n
134397	dvoudeci	n
181053	trojhvězda	n
202978	živičnatý	n
180609	trasát	y
160308	patnáctimístný	n
189971	zeměškůdce	n
195680	čtyřicetiosmiletý	n
167360	pětitisíciforintový	n
127079	butylmaleinát	n
169658	riziko	y
185195	videoram	n
142482	hédonik	y
165173	protigangrenózní	n
152094	meziplatformový	n
172848	sebevýznamnější	n
170091	roztažený	n
188743	zachichtnout	n
153037	ministromek	n
165172	protigamsachurdiovský	n
177897	stříbrozlatý	n
164531	primiphos	y
193037	úzkořez	n
183979	varník	y
146380	kokanština	y
164167	počítačník	n
176168	srdcařina	n
151932	mexicku	n
169696	rockfest	y
183313	undergrounďák	n
160741	peprmintový	n
182705	tříprůchodový	n
145260	karas	y
200722	šetřílkovství	n
127832	celoparlamentní	n
191274	zootomie	y
146521	kolopejka	y
136537	ergasterium	y
186202	vozník	y
145017	kamkordér	y
173587	sedmnáctibrankový	n
185609	vlajkosláva	n
178983	tajč	y
189697	zdravotněpojistný	n
156456	novozélandský	n
185219	videoserver	n
179083	tanin	y
191939	zvolňoučka	n
149404	lermo	y
142919	indurativní	n
145456	kartónky	n
164004	potroublost	y
156666	národněfrontovní	n
138254	flokulant	y
200184	šerifáček	y
154543	myrovka	y
201673	šut	y
154845	nacionálněsocialistický	n
163289	polykrystal	n
203169	žralok	y
124806	bidirektivní	n
138257	floorbalista	n
125285	biomeloun	n
200579	šestisálový	n
165934	prvomajitel	n
188863	zahoustat	y
158971	osteodontokeratický	n
160433	paňčájat	y
167905	přeplavné	n
183154	ultrademokrat	n
175629	spermatogonie	y
153801	monopolymer	y
132874	dvaadvacetistránkový	n
187821	výlučníkový	n
170657	rádobyvědecký	n
168485	půlrublovka	n
162520	politologie	y
165952	prvoročák	n
132370	dovolenkovný	n
190748	zmaloměšťačet	n
131062	devětatřicetinásobek	n
155910	nečasí	n
189020	zalouskat	y
155043	najednou	y
164288	praktickohospodářský	n
176994	stoosmdesátikorunový	n
153485	mocenskohospodářský	n
182160	třicetikabinový	n
170998	samokřídlo	n
128469	cholinesteráza	n
176038	sportumilovný	n
147622	krasatina	y
127827	celoodvětvový	n
167296	pětisetmarkový	n
123908	background	y
164787	prominent	y
165802	prouhelňovat	n
132142	dolnomoravský	n
203119	žlutočernobílý	n
158568	osmdesátistopý	n
129972	decenální	n
201656	šupinoploutvý	n
170291	rumunskomaďarský	n
161905	pneuhospodářství	n
180506	transferlistina	n
155786	neurocranium	y
149961	lokomotiva	y
156256	notes	y
164381	prcat	y
178420	svatosvatý	n
123686	autovýbava	n
134285	dvojťuk	n
162224	podsedek	n
145735	kelka	y
137305	exprvoligový	n
122203	anhydrasa	n
174472	skarifikovat	y
125478	bioryba	n
190081	zesvětačit	n
154615	mást	y
148696	kávičkář	y
127443	břit	y
175694	spláchnout	y
168405	půlden	n
179917	théta	y
138741	fotostatický	n
127995	centýř	y
131679	diskokrálovna	n
181596	tubera	y
124	-naut-	y
159107	otěž	y
121759	alžír	y
153655	moll	y
174391	sionistickozednářský	n
203129	žlutočečelatý	n
142824	imám	y
150224	lučavka	y
140288	guluronový	n
167213	pětinásobit	n
148567	kyamid	y
181519	trudomyslný	n
169222	renkloda	y
156215	normatizmus	y
157427	odložiště	n
190889	zmýdelnit	y
128907	citoslovce	y
184449	velkofirma	n
140035	gottovka	n
159623	paleozoický	n
145352	karditis	y
167087	pětidrátový	n
183632	uvulitida	y
186072	volt	y
131532	dinoseb	y
163243	polyfonní	n
136694	etamín	y
122660	arabskoizraelský	n
167541	předlétnout	n
195841	čtyřkotvičkový	n
168351	přívlačný	n
195109	čtrnáctka	n
149162	lauf	y
172125	sebeotřesnější	n
156108	nižněnovgorodský	n
133849	dvojmísto	n
196673	řetěz	y
178396	svatojanský	n
125635	biovinice	n
162809	poloobsazený	n
190984	znevýraznit	n
184948	viagrychtivý	n
143170	interglaciál	n
195455	čtyřiadvacetinásobek	n
129278	cykloboom	n
165739	protofašizmus	n
160393	pavián	y
165000	protaktinium	y
184497	velkoloď	n
165339	protimafiánský	n
181312	trojstěžní	n
158213	orogenetický	n
171650	sebehanobitel	n
142890	indogermánský	n
147062	konvulze	y
173415	sedmikomora	n
174490	skaut	y
133509	dvanáctiúhelník	n
183174	ultrakonservatismus	n
165491	protiputinovský	n
143899	jedenáctiměsíční	n
160961	perovskit	y
188351	všeslovan	n
135856	ektoplazma	y
129192	cunnilingus	y
191340	zpecinovatět	n